name,type,createdAt,duration,status,description
Toughjoyfax,Module,2022-10-29,2,Active,Synergistic empowering collaboration
Temp,Module,2022-12-07,3,Active,Fundamental solution-oriented customer loyalty
It,Module,2022-09-29,4,Inactive,Total executive strategy
Holdlamis,Module,2022-06-01,5,Active,Diverse solution-oriented structure
Zamit,Module,2022-08-09,6,Active,Versatile optimal paradigm
Stim,Module,2022-09-24,7,Active,Mandatory bottom-line ability
Wrapsafe,Module,2022-09-13,8,Deleted,Programmable grid-enabled initiative
Subin,Module,2022-12-28,9,Inactive,Centralized user-facing info-mediaries
Mat Lam Tam,Module,2022-06-14,10,Inactive,Reactive stable internet solution
Daltfresh,Module,2022-08-09,11,Inactive,Triple-buffered grid-enabled extranet
Kanlam,Module,2022-10-09,12,Deleted,Innovative content-based emulation
Tampflex,Module,2022-11-04,1,Inactive,Assimilated optimizing model
Bitwolf,Module,2023-04-01,2,Inactive,Diverse zero defect moratorium
Namfix,Module,2022-12-20,3,Active,Customer-focused homogeneous migration
Zaam-Dox,Module,2023-02-15,4,New,Multi-lateral neutral approach
Bigtax,Module,2022-05-19,5,Deleted,Visionary fault-tolerant protocol
Zathin,Module,2023-02-12,6,New,Profit-focused non-volatile knowledge base
Otcom,Module,2022-08-21,7,Active,Reverse-engineered real-time Graphic Interface
Gembucket,Module,2022-05-29,8,Active,Intuitive reciprocal workforce
Greenlam,Module,2022-10-17,9,Active,Ameliorated client-driven intranet
Veribet,Module,2022-10-04,10,New,Switchable background archive
Transcof,Module,2022-12-18,11,New,Proactive bifurcated task-force
Voyatouch,Module,2022-12-30,12,Inactive,Integrated needs-based local area network
Bitchip,Module,2023-04-03,1,Deleted,Seamless fault-tolerant monitoring
Transcof,Module,2023-03-07,2,Inactive,Sharable optimal info-mediaries
Matsoft,Module,2022-08-23,3,Inactive,Focused executive forecast
Domainer,Module,2022-11-26,4,Deleted,Cross-group client-driven ability
Zontrax,Module,2022-07-09,5,Deleted,Exclusive client-server capability
Namfix,Module,2022-05-12,6,Active,Team-oriented stable framework
Matsoft,Module,2022-05-09,7,New,Business-focused tertiary firmware
Bitwolf,Module,2022-07-20,8,Active,Pre-emptive bifurcated product
Ventosanzap,Module,2022-12-01,9,Active,Automated bottom-line open architecture
Konklab,Module,2022-10-25,10,New,Sharable 3rd generation strategy
Y-Solowarm,Module,2022-11-18,11,Deleted,Programmable solution-oriented projection
Subin,Module,2022-12-17,12,Deleted,Profit-focused disintermediate local area network
Regrant,Module,2022-08-28,1,Active,Decentralized modular migration
Stim,Module,2022-07-17,2,Deleted,Compatible grid-enabled initiative
Overhold,Module,2022-05-21,3,Active,Implemented cohesive database
Voltsillam,Module,2022-05-20,4,Active,Mandatory transitional collaboration
Vagram,Module,2023-01-10,5,New,Multi-channelled modular collaboration
Solarbreeze,Module,2023-03-28,6,New,Profound content-based ability
Namfix,Module,2022-04-16,7,Active,Inverse multi-state matrix
Tampflex,Module,2022-09-14,8,Deleted,Customizable discrete groupware
Namfix,Module,2022-08-11,9,Deleted,Team-oriented reciprocal approach
Hatity,Module,2022-11-08,10,Active,Intuitive leading edge groupware
Zoolab,Module,2023-02-03,11,Active,Enhanced needs-based frame
Redhold,Module,2023-02-09,12,Inactive,Quality-focused tertiary extranet
Bytecard,Module,2022-04-28,1,New,Upgradable global concept
Solarbreeze,Module,2022-10-12,2,Inactive,Front-line content-based throughput
Prodder,Module,2023-02-25,3,Deleted,Face to face fresh-thinking time-frame
Alphazap,Module,2022-10-07,4,Inactive,Phased motivating extranet
Redhold,Module,2022-10-24,5,Deleted,Optimized background website
Sonsing,Module,2022-04-22,6,Active,Secured actuating open architecture
Bytecard,Module,2022-10-31,7,Deleted,Seamless bottom-line model
Temp,Module,2022-09-15,8,Deleted,Reverse-engineered 4th generation software
Redhold,Module,2022-08-17,9,Deleted,Horizontal coherent standardization
Cookley,Module,2022-05-31,10,New,Adaptive asymmetric firmware
Prodder,Module,2022-12-12,11,Active,Diverse multi-state algorithm
Cardguard,Module,2022-05-10,12,New,De-engineered mobile Graphical User Interface
Greenlam,Module,2022-06-29,1,Active,User-friendly object-oriented leverage
Rank,Module,2022-10-12,2,Deleted,Polarised dedicated contingency
Flexidy,Module,2022-06-09,3,Deleted,Progressive static middleware
Zontrax,Module,2022-12-09,4,New,Upgradable well-modulated paradigm
Stronghold,Module,2023-01-01,5,Inactive,Upgradable intangible portal
Greenlam,Module,2022-07-31,6,New,Integrated user-facing toolset
Andalax,Module,2022-05-06,7,Active,Multi-channelled intangible orchestration
Hatity,Module,2023-02-21,8,Deleted,Progressive attitude-oriented hierarchy
Y-Solowarm,Module,2022-05-27,9,Active,Re-contextualized transitional hierarchy
Tempsoft,Module,2022-06-13,10,New,Monitored leading edge success
Greenlam,Module,2023-03-20,11,New,Advanced local frame
Job,Module,2023-01-14,12,Deleted,Enhanced secondary local area network
Trippledex,Module,2022-07-30,1,Active,Organic national access
Biodex,Module,2022-07-05,2,Active,Reverse-engineered uniform local area network
Zontrax,Module,2022-06-13,3,Deleted,Digitized hybrid functionalities
Fintone,Module,2023-03-25,4,Deleted,Fully-configurable encompassing complexity
Job,Module,2022-04-22,5,Deleted,Cross-platform client-driven protocol
Tempsoft,Module,2022-06-24,6,Inactive,Polarised transitional challenge
Bamity,Module,2022-10-22,7,Active,Future-proofed leading edge portal
Fixflex,Module,2022-12-10,8,Active,Versatile homogeneous knowledge base
Prodder,Module,2022-10-27,9,Deleted,Focused explicit orchestration
Wrapsafe,Module,2022-08-18,10,Active,Compatible local infrastructure
Treeflex,Module,2022-12-15,11,Inactive,Integrated methodical superstructure
Mat Lam Tam,Module,2022-06-06,12,Inactive,Object-based actuating productivity
Bamity,Module,2022-08-11,1,Active,Distributed composite moderator
Stringtough,Module,2023-01-20,2,Active,Organic upward-trending utilisation
Cookley,Module,2022-09-07,3,Inactive,Enhanced bi-directional focus group
Toughjoyfax,Module,2023-03-16,4,Deleted,Business-focused eco-centric moderator
Bitchip,Module,2022-07-29,5,Deleted,Cross-platform methodical internet solution
Domainer,Module,2022-05-20,6,Deleted,Intuitive non-volatile website
Sonsing,Module,2022-08-25,7,Inactive,Persistent global initiative
Greenlam,Module,2022-05-30,8,Active,Sharable web-enabled knowledge user
Prodder,Module,2022-09-12,9,Active,Fundamental optimizing groupware
Voltsillam,Module,2023-03-14,10,Active,Progressive multimedia budgetary management
Veribet,Module,2022-04-20,11,Deleted,Exclusive executive neural-net
Daltfresh,Module,2022-10-11,12,Active,Seamless secondary support
Regrant,Module,2022-11-13,1,Inactive,Reactive zero tolerance internet solution
Flowdesk,Module,2022-04-23,2,Inactive,Face to face dynamic definition
Flexidy,Module,2022-09-02,3,Active,Inverse secondary data-warehouse
Tres-Zap,Module,2023-01-31,4,New,Cross-platform encompassing benchmark
Otcom,Module,2022-08-17,5,Deleted,Extended executive superstructure
Transcof,Module,2022-10-17,6,Inactive,Persistent transitional flexibility
Hatity,Module,2023-03-31,7,Inactive,Switchable contextually-based model
Bamity,Module,2022-12-09,8,Active,Decentralized modular conglomeration
Cardguard,Module,2022-12-29,9,Deleted,Public-key intangible ability
Transcof,Module,2023-03-14,10,Active,Automated explicit extranet
Bigtax,Module,2022-04-08,11,Active,Front-line attitude-oriented pricing structure
Toughjoyfax,Module,2022-08-21,12,Inactive,Re-contextualized explicit strategy
Zamit,Module,2022-04-09,1,Deleted,Realigned bi-directional array
Mat Lam Tam,Module,2022-08-25,2,New,Streamlined heuristic customer loyalty
Pannier,Module,2022-07-29,3,Active,Ergonomic discrete customer loyalty
Fixflex,Module,2023-03-07,4,Active,Adaptive directional database
Holdlamis,Module,2023-03-24,5,Inactive,Seamless optimizing software
Asoka,Module,2023-02-14,6,Active,Reactive radical knowledge user
Flexidy,Module,2022-12-09,7,Deleted,Function-based maximized functionalities
Viva,Module,2022-10-11,8,Inactive,Mandatory regional Graphical User Interface
Tresom,Module,2022-11-14,9,Active,Profound web-enabled middleware
Stim,Module,2022-11-18,10,Inactive,Business-focused cohesive projection
Sonsing,Module,2023-03-29,11,Active,Extended bifurcated groupware
Daltfresh,Module,2022-09-26,12,Inactive,Organized exuding firmware
Sub-Ex,Module,2022-05-16,1,Active,Realigned user-facing local area network
Home Ing,Module,2022-09-05,2,New,Balanced clear-thinking customer loyalty
Trippledex,Module,2022-10-25,3,Deleted,Programmable web-enabled paradigm
It,Module,2022-08-14,4,Active,Balanced dynamic monitoring
Viva,Module,2022-04-26,5,Deleted,Inverse uniform capability
Treeflex,Module,2022-05-03,6,Active,Business-focused transitional standardization
Mat Lam Tam,Module,2022-12-07,7,Active,Automated transitional encryption
Tin,Module,2022-08-21,8,New,Persevering zero defect project
Stringtough,Module,2022-04-08,9,New,Diverse multi-state architecture
Tin,Module,2023-03-05,10,Deleted,Optional cohesive focus group
Transcof,Module,2022-04-28,11,Active,De-engineered bottom-line pricing structure
Ventosanzap,Module,2022-06-28,12,New,Seamless client-driven pricing structure
Namfix,Module,2022-12-24,1,New,Extended intangible encoding
Zaam-Dox,Module,2022-04-11,2,Deleted,Reactive explicit process improvement
Hatity,Module,2022-12-15,3,Deleted,Quality-focused full-range installation
Transcof,Module,2023-03-11,4,Inactive,Compatible object-oriented artificial intelligence
Subin,Module,2022-09-02,5,New,Integrated zero administration architecture
Cardify,Module,2022-09-15,6,Inactive,Focused static function
Kanlam,Module,2022-12-23,7,Deleted,Intuitive systemic core
Overhold,Module,2022-08-04,8,Inactive,Synergistic motivating frame
Ventosanzap,Module,2022-05-14,9,Deleted,Configurable optimal customer loyalty
Voyatouch,Module,2022-11-20,10,Deleted,Phased intangible knowledge user
Temp,Module,2022-08-09,11,Deleted,Configurable systemic orchestration
Redhold,Module,2022-07-04,12,Inactive,Realigned demand-driven firmware
Stringtough,Module,2023-03-08,1,Inactive,Assimilated demand-driven implementation
Job,Module,2022-10-12,2,Inactive,Cross-group multi-state attitude
Bytecard,Module,2023-03-08,3,Deleted,Digitized optimizing structure
Redhold,Module,2022-10-26,4,Deleted,Face to face well-modulated conglomeration
Konklux,Module,2022-12-16,5,Deleted,Function-based mission-critical matrices
Stronghold,Module,2022-05-21,6,Inactive,Enhanced dedicated toolset
Cookley,Module,2023-01-17,7,New,Advanced client-driven hierarchy
Quo Lux,Module,2022-11-10,8,Inactive,Total national installation
Home Ing,Module,2023-02-19,9,New,Intuitive eco-centric workforce
Y-Solowarm,Module,2023-01-02,10,Active,Organized 3rd generation adapter
Gembucket,Module,2022-09-06,11,Inactive,Diverse eco-centric moratorium
Holdlamis,Module,2023-02-18,12,Active,Cloned non-volatile groupware
Bytecard,Module,2022-08-08,1,Deleted,Down-sized asynchronous instruction set
Hatity,Module,2022-12-28,2,Active,Open-architected clear-thinking model
Fixflex,Module,2022-09-29,3,Deleted,Innovative maximized throughput
Biodex,Module,2022-09-27,4,Inactive,Persistent web-enabled migration
Quo Lux,Module,2023-02-10,5,Deleted,Fundamental optimal contingency
Daltfresh,Module,2022-09-16,6,New,Balanced local orchestration
Sub-Ex,Module,2022-12-08,7,Deleted,User-friendly disintermediate ability
Tres-Zap,Module,2022-12-07,8,Deleted,Organized multi-state task-force
Fintone,Module,2022-04-25,9,Inactive,Managed static methodology
Y-Solowarm,Module,2023-02-27,10,Deleted,Multi-channelled directional moderator
Wrapsafe,Module,2022-07-22,11,Deleted,Quality-focused foreground application
Biodex,Module,2022-05-10,12,New,Public-key impactful time-frame
Fix San,Module,2022-06-21,1,Deleted,Quality-focused reciprocal artificial intelligence
Zontrax,Module,2022-10-10,2,Deleted,Expanded object-oriented frame
Redhold,Module,2022-07-15,3,Inactive,Public-key hybrid hardware
Stronghold,Module,2023-01-20,4,Active,Robust client-server customer loyalty
Cardify,Module,2022-05-07,5,New,Open-architected homogeneous time-frame
Otcom,Module,2022-05-06,6,Deleted,Face to face leading edge conglomeration
Lotstring,Module,2022-10-10,7,Inactive,Centralized mobile service-desk
Konklab,Module,2023-01-09,8,Inactive,Balanced zero administration internet solution
Treeflex,Module,2023-01-30,9,New,Profit-focused transitional conglomeration
Zaam-Dox,Module,2023-03-17,10,Active,Upgradable executive benchmark
Kanlam,Module,2022-06-04,11,Inactive,Assimilated scalable open system
Keylex,Module,2022-05-10,12,New,Managed secondary matrices
Sub-Ex,Module,2022-05-01,1,Active,Innovative 24/7 functionalities
Tres-Zap,Module,2022-07-15,2,New,Future-proofed explicit core
Tresom,Module,2022-05-29,3,New,Multi-lateral asymmetric conglomeration
Mat Lam Tam,Module,2022-06-10,4,Inactive,Secured content-based knowledge base
Quo Lux,Module,2022-11-11,5,New,Exclusive user-facing architecture
Transcof,Module,2022-08-27,6,Inactive,Sharable responsive alliance
Bigtax,Module,2023-02-24,7,Deleted,Switchable leading edge local area network
Matsoft,Module,2022-10-25,8,New,Right-sized 6th generation hub
Fixflex,Module,2022-05-22,9,New,Visionary even-keeled productivity
Zathin,Module,2022-04-28,10,New,Distributed fault-tolerant open system
Sub-Ex,Module,2023-03-20,11,Active,Centralized next generation standardization
Alpha,Module,2022-08-24,12,Active,Grass-roots regional solution
Toughjoyfax,Module,2023-01-07,1,New,Advanced executive concept
Rank,Module,2022-07-13,2,Active,Open-architected client-server instruction set
Bytecard,Module,2022-05-21,3,Deleted,Multi-lateral hybrid time-frame
Stringtough,Module,2023-01-31,4,Deleted,Up-sized bottom-line algorithm
Viva,Module,2022-07-25,5,Active,Monitored executive productivity
Overhold,Module,2023-01-17,6,Deleted,Balanced heuristic forecast
Zathin,Module,2022-11-22,7,Deleted,Focused local structure
Daltfresh,Module,2022-05-13,8,Deleted,Devolved leading edge attitude
Solarbreeze,Module,2023-01-17,9,Active,Phased impactful emulation
Lotstring,Module,2022-09-04,10,Active,Total maximized knowledge user
Tres-Zap,Module,2022-06-24,11,Active,Front-line content-based concept
Tin,Module,2022-08-12,12,Deleted,Monitored reciprocal artificial intelligence
Matsoft,Module,2022-10-15,1,New,De-engineered systematic budgetary management
Cardify,Module,2022-12-28,2,Deleted,Multi-lateral multi-tasking local area network
Alpha,Module,2022-04-26,3,Inactive,Vision-oriented encompassing function
Bigtax,Module,2022-07-04,4,Deleted,Synergistic directional groupware
Bitchip,Module,2023-01-25,5,Deleted,Phased national open architecture
Regrant,Module,2022-08-24,6,New,Versatile 6th generation challenge
Kanlam,Module,2022-05-08,7,Deleted,Streamlined content-based monitoring
Asoka,Module,2022-12-11,8,New,Business-focused 4th generation alliance
Tampflex,Module,2022-05-29,9,Deleted,Ergonomic exuding time-frame
Alphazap,Module,2022-12-19,10,Active,Innovative regional instruction set
Cardguard,Module,2022-07-21,11,Inactive,Adaptive client-server forecast
Andalax,Module,2022-06-10,12,Inactive,Diverse multi-state attitude
Span,Module,2023-01-02,1,Inactive,Ameliorated bottom-line project
Konklab,Module,2022-05-23,2,Active,Implemented neutral analyzer
Pannier,Module,2022-06-15,3,Active,Mandatory zero defect initiative
Solarbreeze,Module,2022-04-10,4,Active,Streamlined object-oriented open system
Namfix,Module,2022-07-01,5,Inactive,Phased regional focus group
Viva,Module,2023-01-10,6,Inactive,Robust uniform attitude
Trippledex,Module,2022-08-14,7,New,Multi-tiered static knowledge base
Mat Lam Tam,Module,2022-05-17,8,Inactive,Persistent contextually-based superstructure
Pannier,Module,2022-09-26,9,New,Innovative web-enabled extranet
Cardguard,Module,2022-12-31,10,Inactive,Polarised national secured line
Hatity,Module,2023-01-15,11,New,Customer-focused mobile infrastructure
Job,Module,2022-07-04,12,Inactive,Secured zero defect moratorium
Lotstring,Module,2022-09-23,1,New,Re-engineered context-sensitive support
Tin,Module,2023-03-04,2,Inactive,Cross-group hybrid strategy
Ventosanzap,Module,2022-12-01,3,Inactive,Customer-focused interactive neural-net
Andalax,Module,2022-07-28,4,Active,Organic leading edge algorithm
Sub-Ex,Module,2022-06-11,5,Inactive,Multi-channelled client-driven system engine
Gembucket,Module,2022-06-16,6,Active,Integrated high-level workforce
Asoka,Module,2022-10-08,7,Active,Pre-emptive bi-directional parallelism
Cardify,Module,2022-10-19,8,New,Reverse-engineered tangible extranet
Holdlamis,Module,2022-11-21,9,Inactive,Seamless 5th generation collaboration
Lotstring,Module,2023-02-14,10,Deleted,Optional radical contingency
Cardguard,Module,2022-06-05,11,New,Customer-focused encompassing artificial intelligence
Zaam-Dox,Module,2022-07-13,12,Inactive,Implemented disintermediate installation
Alphazap,Module,2022-08-08,1,Active,Synchronised dynamic leverage
Viva,Module,2022-05-14,2,Active,Up-sized transitional hierarchy
Cardify,Module,2022-04-19,3,New,Inverse mission-critical Graphic Interface
Vagram,Module,2022-04-25,4,New,Centralized mobile complexity
Flexidy,Module,2022-09-28,5,Inactive,Grass-roots methodical standardization
Latlux,Module,2023-02-16,6,Deleted,Re-contextualized heuristic function
Stronghold,Module,2023-01-26,7,Inactive,Optional 3rd generation moratorium
Overhold,Module,2022-06-26,8,Active,Stand-alone next generation standardization
Stronghold,Module,2023-01-09,9,Active,Public-key motivating alliance
Pannier,Module,2022-10-10,10,Active,Upgradable 5th generation success
Solarbreeze,Module,2022-10-31,11,New,User-centric hybrid matrix
Matsoft,Module,2022-09-30,12,New,Fully-configurable foreground initiative
Cookley,Module,2022-04-18,1,Inactive,Enterprise-wide content-based challenge
Biodex,Module,2022-04-27,2,Active,Upgradable zero defect protocol
Tres-Zap,Module,2022-08-22,3,New,Robust didactic portal
Mat Lam Tam,Module,2022-05-16,4,Deleted,Streamlined national internet solution
Konklab,Module,2023-03-20,5,New,Open-source clear-thinking installation
Greenlam,Module,2023-02-03,6,Inactive,Object-based contextually-based neural-net
Redhold,Module,2023-02-12,7,Inactive,Devolved optimal model
Cardify,Module,2022-08-13,8,New,User-centric intermediate data-warehouse
Zamit,Module,2022-10-11,9,New,Focused local interface
Sonair,Module,2022-08-11,10,Deleted,Extended logistical alliance
Otcom,Module,2023-01-16,11,Deleted,De-engineered zero administration project
Rank,Module,2022-11-20,12,New,Ameliorated 24 hour Graphical User Interface
Sub-Ex,Module,2022-04-23,1,Deleted,Front-line context-sensitive throughput
Gembucket,Module,2022-06-19,2,Active,Intuitive solution-oriented task-force
Opela,Module,2022-09-03,3,Deleted,Grass-roots human-resource success
Zamit,Module,2022-07-23,4,Deleted,Switchable bandwidth-monitored artificial intelligence
Subin,Module,2022-12-23,5,New,Total methodical product
Voyatouch,Module,2022-10-03,6,Active,Balanced encompassing array
Fixflex,Module,2022-11-03,7,New,Face to face non-volatile info-mediaries
Y-find,Module,2022-10-03,8,Inactive,Customer-focused scalable productivity
Redhold,Module,2022-07-23,9,Inactive,Automated dedicated data-warehouse
Sonsing,Module,2022-06-16,10,Deleted,Customizable neutral flexibility
Kanlam,Module,2022-10-08,11,Active,Adaptive multimedia capability
Tin,Module,2022-05-31,12,Active,Re-engineered leading edge ability
Matsoft,Module,2022-12-23,1,Inactive,Optional tangible superstructure
Overhold,Module,2022-09-22,2,Inactive,Devolved multimedia moratorium
Wrapsafe,Module,2023-01-01,3,Active,Streamlined zero defect flexibility
Holdlamis,Module,2022-12-06,4,Inactive,Operative next generation productivity
Zontrax,Module,2022-09-14,5,Inactive,Down-sized static definition
Holdlamis,Module,2022-12-03,6,Active,Persistent solution-oriented data-warehouse
Quo Lux,Module,2022-05-16,7,Inactive,Implemented 6th generation middleware
Y-Solowarm,Module,2022-11-04,8,Inactive,Multi-tiered tangible superstructure
Otcom,Module,2022-06-26,9,Inactive,Right-sized foreground throughput
Temp,Module,2023-02-07,10,New,Business-focused eco-centric data-warehouse
Bytecard,Module,2022-11-30,11,Inactive,Implemented stable Graphic Interface
Bitwolf,Module,2023-02-05,12,New,Customizable background task-force
Greenlam,Module,2022-08-16,1,New,Universal foreground architecture
Hatity,Module,2022-08-12,2,Deleted,Expanded hybrid access
Gembucket,Module,2022-06-26,3,Inactive,Digitized tangible groupware
Cardify,Module,2022-06-09,4,New,Sharable upward-trending framework
Stronghold,Module,2022-07-21,5,New,Robust multimedia capacity
Quo Lux,Module,2023-03-10,6,Active,Enterprise-wide explicit encryption
Redhold,Module,2022-06-11,7,Deleted,Enterprise-wide client-server complexity
Zontrax,Module,2022-07-18,8,Inactive,Devolved didactic budgetary management
Fintone,Module,2022-05-28,9,Deleted,Progressive asymmetric capacity
Namfix,Module,2022-12-28,10,Deleted,Compatible user-facing projection
Voyatouch,Module,2022-05-08,11,Deleted,Integrated even-keeled success
Rank,Module,2022-07-04,12,Deleted,Multi-channelled radical hierarchy
Biodex,Module,2023-02-27,1,Inactive,Networked stable function
Kanlam,Module,2022-04-09,2,Deleted,Reactive context-sensitive ability
Bitwolf,Module,2022-08-13,3,Deleted,Customer-focused heuristic model
Holdlamis,Module,2022-06-27,4,New,Advanced foreground collaboration
Otcom,Module,2023-02-04,5,New,Horizontal analyzing info-mediaries
Sonsing,Module,2022-12-30,6,Inactive,Persevering eco-centric infrastructure
Keylex,Module,2022-05-18,7,Inactive,Ergonomic background intranet
Keylex,Module,2023-01-25,8,Deleted,Realigned eco-centric interface
Zoolab,Module,2022-05-22,9,Deleted,Robust maximized adapter
Ventosanzap,Module,2022-06-14,10,Active,Switchable transitional collaboration
Tampflex,Module,2023-01-21,11,New,Managed radical conglomeration
Tampflex,Module,2022-05-12,12,Deleted,Programmable mobile groupware
Voyatouch,Module,2022-12-11,1,Inactive,Front-line radical definition
Y-find,Module,2022-10-21,2,Deleted,Balanced zero administration circuit
Otcom,Module,2022-04-21,3,New,Grass-roots systematic workforce
Zaam-Dox,Module,2022-09-15,4,Deleted,Integrated demand-driven database
Cardguard,Module,2022-04-18,5,Active,Profit-focused eco-centric migration
Matsoft,Module,2022-06-10,6,New,Multi-layered leading edge pricing structure
Tin,Module,2022-04-11,7,New,Configurable static info-mediaries
Trippledex,Module,2022-04-22,8,Deleted,De-engineered 4th generation policy
Stronghold,Module,2022-10-30,9,Inactive,Networked contextually-based internet solution
Toughjoyfax,Module,2022-11-17,10,Active,User-friendly optimal moderator
Cardify,Module,2023-02-27,11,Inactive,Public-key bifurcated leverage
Cookley,Module,2023-01-06,12,Active,Digitized contextually-based synergy
Job,Module,2022-09-06,1,Inactive,Self-enabling web-enabled intranet
Trippledex,Module,2022-06-04,2,Active,Public-key tertiary synergy
Wrapsafe,Module,2023-02-22,3,New,User-centric object-oriented matrix
Bitchip,Module,2023-01-13,4,Deleted,Profit-focused disintermediate groupware
Cardify,Module,2023-01-28,5,Deleted,Multi-tiered transitional utilisation
Andalax,Module,2022-10-23,6,Deleted,Implemented responsive access
Andalax,Module,2022-06-19,7,Active,Reverse-engineered disintermediate knowledge base
Zamit,Module,2022-10-29,8,Active,Extended full-range open architecture
Ronstring,Module,2023-01-05,9,Deleted,Business-focused human-resource open architecture
Lotlux,Module,2022-12-24,10,Inactive,Organized bifurcated infrastructure
Voyatouch,Module,2023-03-11,11,Inactive,Persevering 4th generation approach
Treeflex,Module,2022-07-24,12,New,Multi-tiered fresh-thinking core
Bigtax,Module,2022-12-03,1,Deleted,Proactive exuding array
Alpha,Module,2022-07-10,2,Active,Programmable user-facing alliance
Holdlamis,Module,2022-05-09,3,Active,Team-oriented 5th generation installation
Toughjoyfax,Module,2022-07-18,4,Inactive,Adaptive methodical analyzer
Latlux,Module,2022-04-24,5,Active,Total zero administration analyzer
Wrapsafe,Module,2022-06-19,6,Deleted,Up-sized fresh-thinking alliance
Temp,Module,2022-07-01,7,New,Pre-emptive foreground synergy
Regrant,Module,2023-03-26,8,Deleted,Profit-focused mission-critical Graphic Interface
Alpha,Module,2022-06-10,9,New,Organized value-added hub
Alpha,Module,2022-10-22,10,Inactive,Persevering logistical portal
Regrant,Module,2022-09-03,11,Inactive,Distributed fresh-thinking approach
Zontrax,Module,2022-10-27,12,Inactive,Multi-layered explicit architecture
Stringtough,Module,2022-04-18,1,Active,Front-line value-added complexity
Toughjoyfax,Module,2022-12-19,2,Active,Inverse fresh-thinking Graphic Interface
Overhold,Module,2022-11-03,3,New,Sharable fresh-thinking synergy
Namfix,Module,2022-07-15,4,Active,Total leading edge projection
Stim,Module,2023-02-14,5,Deleted,Streamlined systematic firmware
Asoka,Module,2022-07-20,6,New,Multi-tiered context-sensitive open system
Biodex,Module,2022-07-27,7,Deleted,Multi-tiered motivating software
Treeflex,Module,2022-04-23,8,Inactive,Horizontal content-based success
Zathin,Module,2023-02-09,9,New,Diverse optimizing attitude
Fixflex,Module,2023-03-05,10,New,Multi-channelled hybrid initiative
Sonsing,Module,2022-09-25,11,Active,Expanded full-range service-desk
Quo Lux,Module,2022-12-26,12,Inactive,Polarised non-volatile secured line
Bytecard,Module,2022-11-12,1,Active,Fully-configurable client-driven framework
Bigtax,Module,2023-01-16,2,Deleted,Customizable mobile orchestration
Aerified,Module,2023-04-01,3,Inactive,Future-proofed scalable help-desk
Bitwolf,Module,2022-09-20,4,New,Seamless 24 hour firmware
Y-find,Module,2022-12-02,5,Active,Cloned attitude-oriented toolset
Cardify,Module,2022-12-28,6,Deleted,Polarised logistical model
Pannier,Module,2022-10-16,7,Deleted,Inverse full-range moratorium
Konklux,Module,2022-08-17,8,New,Mandatory hybrid project
Sonair,Module,2022-11-20,9,New,Phased 4th generation paradigm
Viva,Module,2022-09-28,10,New,Expanded cohesive firmware
Span,Module,2022-12-27,11,Deleted,Assimilated client-server software
Konklux,Module,2022-10-31,12,Deleted,Up-sized 3rd generation groupware
Tres-Zap,Module,2022-04-29,1,New,Realigned actuating migration
Flexidy,Module,2022-07-20,2,New,Universal systematic Graphical User Interface
Biodex,Module,2023-02-02,3,New,Multi-lateral user-facing alliance
Alphazap,Module,2022-12-08,4,Active,Upgradable empowering frame
Regrant,Module,2022-06-14,5,Deleted,Managed coherent software
Flowdesk,Module,2022-04-09,6,Active,Visionary human-resource complexity
Sonsing,Module,2022-10-11,7,Active,Realigned multimedia process improvement
Bytecard,Module,2022-09-08,8,Active,Inverse actuating encryption
Fix San,Module,2022-06-30,9,Active,Diverse systematic service-desk
Regrant,Module,2022-10-02,10,Inactive,User-centric local collaboration
Cardguard,Module,2022-11-14,11,Deleted,Virtual multimedia initiative
Veribet,Module,2022-11-18,12,Deleted,Fundamental bifurcated complexity
Matsoft,Module,2022-06-13,1,Inactive,Total global protocol
Flowdesk,Module,2022-08-16,2,Active,Fully-configurable exuding help-desk
Transcof,Module,2022-09-03,3,New,Universal heuristic framework
Tampflex,Module,2022-05-28,4,Deleted,Implemented user-facing neural-net
Gembucket,Module,2022-06-20,5,New,Grass-roots dynamic pricing structure
Lotstring,Module,2022-10-06,6,New,Ergonomic didactic array
Konklux,Module,2022-09-27,7,Deleted,Enterprise-wide homogeneous superstructure
Zamit,Module,2023-03-31,8,Deleted,Reactive 6th generation installation
Temp,Module,2022-11-14,9,Deleted,Digitized coherent budgetary management
Zamit,Module,2022-04-11,10,Active,Extended national process improvement
Fixflex,Module,2022-06-23,11,Inactive,Centralized user-facing array
Quo Lux,Module,2023-02-05,12,Deleted,Triple-buffered disintermediate throughput
Zontrax,Module,2023-01-14,1,Deleted,Innovative full-range collaboration
Konklux,Module,2022-11-30,2,Inactive,Configurable intangible architecture
Bigtax,Module,2023-01-24,3,Active,Profound motivating benchmark
Pannier,Module,2022-04-30,4,New,Multi-tiered cohesive migration
Tresom,Module,2022-06-12,5,Inactive,Right-sized directional Graphical User Interface
Stim,Module,2022-06-14,6,Active,Stand-alone systematic archive
Zoolab,Module,2022-11-11,7,Deleted,Advanced attitude-oriented protocol
Prodder,Module,2023-03-13,8,Inactive,Proactive fault-tolerant intranet
Matsoft,Module,2022-05-27,9,New,Synergistic cohesive hub
Flexidy,Module,2023-02-28,10,Active,Progressive solution-oriented capacity
Keylex,Module,2022-12-23,11,Deleted,Centralized upward-trending instruction set
Voyatouch,Module,2022-08-21,12,Active,Persistent transitional matrix
Span,Module,2022-11-19,1,New,Synergized mission-critical product
Alpha,Module,2022-07-03,2,New,Diverse zero administration migration
Tin,Module,2023-02-19,3,Deleted,Open-source radical open architecture
Flowdesk,Module,2022-08-17,4,Active,Face to face responsive paradigm
Aerified,Module,2023-01-29,5,New,Multi-channelled leading edge internet solution
Namfix,Module,2023-02-06,6,New,Inverse multi-tasking attitude
Keylex,Module,2022-09-30,7,Deleted,Inverse asynchronous frame
Trippledex,Module,2023-02-27,8,Active,Streamlined transitional framework
Solarbreeze,Module,2022-07-21,9,New,Triple-buffered object-oriented task-force
Opela,Module,2022-10-30,10,New,Streamlined multi-tasking knowledge user
Flexidy,Module,2022-11-09,11,New,Quality-focused static groupware
Cookley,Module,2022-09-16,12,Active,Stand-alone hybrid groupware
Y-Solowarm,Module,2023-01-07,1,Inactive,Sharable tertiary open system
Tres-Zap,Module,2023-03-23,2,Inactive,Decentralized national flexibility
Viva,Module,2022-11-25,3,Active,Proactive asymmetric projection
Lotstring,Module,2022-09-25,4,Inactive,Distributed national circuit
Flexidy,Module,2023-01-25,5,New,Programmable non-volatile Graphic Interface
Home Ing,Module,2022-11-11,6,Deleted,Open-source intermediate help-desk
Keylex,Module,2023-02-05,7,Deleted,Inverse fresh-thinking system engine
Opela,Module,2023-04-07,8,Deleted,Universal user-facing access
Stringtough,Module,2022-07-11,9,Active,Switchable asynchronous orchestration
Zontrax,Module,2023-02-10,10,New,Visionary mobile focus group
Sonsing,Module,2022-08-28,11,New,Persevering even-keeled open architecture
Job,Module,2022-09-25,12,Active,Right-sized cohesive utilisation
Hatity,Module,2023-03-29,1,New,Down-sized user-facing forecast
Fix San,Module,2022-11-18,2,Inactive,Cross-group high-level groupware
Gembucket,Module,2022-07-13,3,Inactive,Organic asynchronous structure
Bitwolf,Module,2022-05-14,4,Active,Fundamental regional implementation
Quo Lux,Module,2022-11-16,5,Deleted,Stand-alone bottom-line frame
Subin,Module,2022-07-28,6,New,User-friendly transitional time-frame
Alpha,Module,2023-02-20,7,Deleted,Multi-channelled actuating installation
Lotstring,Module,2022-06-30,8,Active,Optimized tertiary portal
Viva,Module,2022-09-08,9,Deleted,Operative responsive support
Span,Module,2022-10-01,10,Inactive,Sharable multi-state capability
Voyatouch,Module,2022-04-17,11,New,Managed 24/7 protocol
Biodex,Module,2022-12-04,12,Active,Balanced dedicated framework
Asoka,Module,2022-10-07,1,Active,Mandatory intermediate firmware
Prodder,Module,2022-10-26,2,New,Reduced needs-based help-desk
Rank,Module,2022-08-31,3,Inactive,Public-key context-sensitive service-desk
Voyatouch,Module,2022-06-21,4,New,Programmable system-worthy support
Cardify,Module,2022-08-03,5,Active,Realigned real-time contingency
Treeflex,Module,2023-01-27,6,Deleted,Innovative fresh-thinking toolset
Tampflex,Module,2022-10-02,7,Deleted,Team-oriented scalable approach
Bigtax,Module,2022-06-13,8,New,Profit-focused intermediate workforce
Tin,Module,2022-04-24,9,Inactive,Persistent fault-tolerant project
Sub-Ex,Module,2022-05-02,10,Deleted,Adaptive system-worthy Graphic Interface
Trippledex,Module,2022-12-03,11,New,Centralized leading edge customer loyalty
Prodder,Module,2023-03-21,12,Active,Automated transitional matrix
Subin,Module,2022-09-05,1,Active,Reduced demand-driven contingency
Zoolab,Module,2022-06-09,2,Inactive,Multi-tiered systemic concept
Matsoft,Module,2023-03-16,3,Deleted,Optimized non-volatile initiative
Ventosanzap,Module,2022-12-15,4,New,Future-proofed asynchronous neural-net
Solarbreeze,Module,2022-08-31,5,Deleted,Polarised client-server model
Keylex,Module,2023-02-24,6,Deleted,Advanced coherent parallelism
Prodder,Module,2022-11-11,7,Deleted,Open-architected background encoding
Tin,Module,2022-09-07,8,New,Diverse fault-tolerant core
Redhold,Module,2022-11-14,9,New,Secured content-based process improvement
Bitwolf,Module,2022-09-16,10,New,Down-sized heuristic project
Bitchip,Module,2022-08-18,11,New,Adaptive 4th generation forecast
Prodder,Module,2023-03-19,12,Inactive,Digitized heuristic forecast
Opela,Module,2022-09-21,1,Active,Function-based interactive moderator
Y-Solowarm,Module,2022-06-01,2,Deleted,Expanded scalable instruction set
Fixflex,Module,2022-04-25,3,New,Assimilated demand-driven alliance
Opela,Module,2022-06-02,4,Deleted,Function-based zero defect internet solution
Tresom,Module,2023-01-19,5,New,Grass-roots 4th generation circuit
Zathin,Module,2022-08-01,6,Deleted,Distributed zero tolerance matrices
Sonsing,Module,2023-02-22,7,Inactive,Implemented static middleware
Cardify,Module,2022-04-17,8,Inactive,Virtual human-resource Graphical User Interface
Prodder,Module,2023-01-11,9,Deleted,Virtual empowering middleware
Bytecard,Module,2022-09-08,10,Inactive,Object-based stable functionalities
Aerified,Module,2022-04-28,11,Inactive,Multi-channelled cohesive complexity
Alphazap,Module,2023-02-11,12,Active,Synergized analyzing application
Prodder,Module,2022-07-21,1,New,Up-sized full-range strategy
Vagram,Module,2023-03-07,2,Inactive,Ameliorated regional emulation
Voltsillam,Module,2022-07-25,3,Deleted,Future-proofed context-sensitive knowledge user
Solarbreeze,Module,2023-01-03,4,Active,Reactive asynchronous encryption
Regrant,Module,2022-06-15,5,New,Expanded national complexity
Cardify,Module,2022-08-05,6,Inactive,Distributed composite productivity
Aerified,Module,2022-05-27,7,Deleted,Optimized content-based utilisation
Stim,Module,2022-05-20,8,Active,Cloned 24/7 time-frame
Duobam,Module,2022-06-29,9,Inactive,Exclusive real-time algorithm
Solarbreeze,Module,2022-05-02,10,Active,Intuitive global instruction set
Bigtax,Module,2022-05-03,11,Deleted,Grass-roots zero defect productivity
Aerified,Module,2022-08-24,12,Active,Multi-channelled mission-critical intranet
Pannier,Module,2022-04-14,1,New,Intuitive non-volatile functionalities
Keylex,Module,2023-03-03,2,New,Digitized hybrid hierarchy
Y-find,Module,2023-03-09,3,Inactive,Enterprise-wide foreground definition
Zamit,Module,2023-01-03,4,New,Devolved content-based core
Y-Solowarm,Module,2022-06-17,5,Active,Re-contextualized responsive matrix
Ronstring,Module,2022-08-07,6,Deleted,Monitored mobile customer loyalty
Job,Module,2022-10-30,7,Active,Innovative bi-directional project
Opela,Module,2022-08-07,8,Inactive,Sharable discrete forecast
Lotstring,Module,2023-03-20,9,Active,Distributed disintermediate interface
Fix San,Module,2022-04-11,10,Deleted,Triple-buffered heuristic parallelism
Alpha,Module,2023-01-19,11,Active,Expanded client-server standardization
Holdlamis,Module,2022-05-10,12,Active,Enterprise-wide non-volatile capability
Bamity,Module,2022-11-27,1,New,Optimized maximized concept
Matsoft,Module,2023-02-21,2,Active,Distributed maximized model
Keylex,Module,2022-04-30,3,Inactive,Intuitive context-sensitive support
Redhold,Module,2023-03-16,4,Active,De-engineered 24/7 throughput
Bitwolf,Module,2023-01-12,5,Active,Function-based real-time monitoring
Tresom,Module,2022-08-23,6,New,Exclusive disintermediate software
Y-Solowarm,Module,2022-08-16,7,Inactive,Assimilated maximized toolset
Subin,Module,2022-07-21,8,Deleted,Extended bi-directional help-desk
Bitwolf,Module,2023-04-06,9,Inactive,Compatible executive standardization
Duobam,Module,2022-05-06,10,Deleted,Horizontal clear-thinking approach
Redhold,Module,2023-02-20,11,Active,Public-key discrete protocol
Veribet,Module,2022-12-19,12,Active,Phased composite capability
Ventosanzap,Module,2022-07-13,1,Inactive,Centralized client-server adapter
Tin,Module,2023-03-28,2,Inactive,Robust didactic encryption
Bytecard,Module,2023-03-27,3,Active,Virtual contextually-based access
Alpha,Module,2023-01-19,4,Inactive,Team-oriented secondary knowledge user
Trippledex,Module,2022-11-28,5,Deleted,Intuitive 24/7 workforce
Zamit,Module,2022-10-21,6,Deleted,Phased cohesive strategy
Zaam-Dox,Module,2022-11-19,7,Active,Profit-focused directional contingency
Holdlamis,Module,2023-04-03,8,New,De-engineered multi-state challenge
Sub-Ex,Module,2022-04-22,9,Inactive,Realigned demand-driven synergy
Aerified,Module,2022-11-07,10,Active,Virtual encompassing adapter
Sonsing,Module,2022-04-11,11,Deleted,Proactive encompassing initiative
Regrant,Module,2022-08-08,12,Inactive,Pre-emptive solution-oriented productivity
Fintone,Module,2022-05-01,1,Deleted,Operative 4th generation function
Lotstring,Module,2023-01-31,2,Deleted,Multi-tiered context-sensitive software
Viva,Module,2022-08-10,3,Active,Cross-group clear-thinking data-warehouse
Prodder,Module,2023-01-07,4,Deleted,Synergized bandwidth-monitored attitude
Sonair,Module,2022-09-11,5,Deleted,Synchronised 5th generation ability
Holdlamis,Module,2022-04-28,6,New,Stand-alone incremental neural-net
Stronghold,Module,2023-01-25,7,New,Realigned tertiary task-force
Mat Lam Tam,Module,2022-04-19,8,Inactive,Face to face multimedia system engine
Flexidy,Module,2023-01-08,9,Deleted,Quality-focused object-oriented array
Viva,Module,2022-09-21,10,Deleted,Programmable 5th generation process improvement
Tres-Zap,Module,2023-03-07,11,Active,Reduced dedicated capability
Biodex,Module,2022-05-22,12,Deleted,Organized explicit support
Greenlam,Module,2023-02-07,1,Active,Quality-focused analyzing circuit
Sonsing,Module,2022-06-02,2,Active,Automated neutral forecast
Transcof,Module,2022-06-25,3,Inactive,Team-oriented empowering middleware
Keylex,Module,2023-01-15,4,Deleted,Realigned actuating website
Zamit,Module,2023-02-16,5,New,Decentralized 5th generation flexibility
Subin,Module,2022-09-08,6,New,Centralized eco-centric monitoring
Kanlam,Module,2022-12-17,7,New,Ameliorated optimal open system
Greenlam,Module,2023-04-07,8,Inactive,Ergonomic foreground Graphic Interface
Rank,Module,2022-07-15,9,Inactive,Organic multi-state paradigm
Konklab,Module,2022-09-08,10,Inactive,Cross-group systematic application
Prodder,Module,2022-04-26,11,Active,Distributed background middleware
Viva,Module,2022-06-03,12,Inactive,Face to face reciprocal superstructure
Fixflex,Module,2023-01-11,1,Deleted,Intuitive mission-critical paradigm
Tres-Zap,Module,2022-08-02,2,Inactive,Optimized discrete complexity
Trippledex,Module,2022-10-27,3,New,Networked client-driven extranet
Holdlamis,Module,2022-06-06,4,Active,Mandatory tangible throughput
Rank,Module,2022-04-22,5,Active,Synergistic discrete middleware
Konklab,Module,2022-08-13,6,New,Centralized local application
Fixflex,Module,2022-06-14,7,Inactive,Cloned homogeneous protocol
Zamit,Module,2022-08-21,8,New,Automated mission-critical installation
Duobam,Module,2022-08-31,9,Active,Distributed upward-trending data-warehouse
Rank,Module,2022-04-26,10,Active,Monitored homogeneous alliance
Voyatouch,Module,2022-11-16,11,Active,Total asymmetric archive
Y-find,Module,2022-07-20,12,Active,Streamlined object-oriented matrix
Bitchip,Module,2022-09-22,1,Active,Upgradable bottom-line budgetary management
Regrant,Module,2023-02-20,2,Active,Operative static analyzer
Bitchip,Module,2023-03-01,3,Deleted,Balanced radical knowledge base
Fintone,Module,2022-10-16,4,Inactive,Networked bi-directional paradigm
Prodder,Module,2023-01-22,5,Active,Self-enabling incremental neural-net
Bamity,Module,2022-10-18,6,Inactive,Implemented dynamic knowledge base
Wrapsafe,Module,2022-11-05,7,Inactive,Streamlined foreground Graphical User Interface
Matsoft,Module,2023-03-17,8,Active,Open-source holistic interface
Treeflex,Module,2022-07-22,9,Deleted,Object-based global database
Ronstring,Module,2023-03-05,10,Deleted,Extended didactic architecture
Stim,Module,2022-09-27,11,New,Synergistic context-sensitive intranet
Opela,Module,2022-05-29,12,Deleted,Operative transitional firmware
Overhold,Module,2023-01-11,1,Inactive,Programmable value-added challenge
Ronstring,Module,2023-03-10,2,New,Vision-oriented tertiary access
Bytecard,Module,2022-06-17,3,New,Digitized system-worthy policy
Overhold,Module,2022-04-15,4,Deleted,Down-sized system-worthy hub
Y-find,Module,2022-11-21,5,Deleted,Triple-buffered mobile superstructure
Trippledex,Module,2023-04-03,6,Active,Ameliorated well-modulated approach
Rank,Module,2022-05-05,7,Active,Business-focused asynchronous definition
Bitwolf,Module,2023-03-19,8,New,Phased actuating standardization
Biodex,Module,2022-12-31,9,Active,Enhanced foreground encoding
Viva,Module,2022-09-13,10,New,Optional attitude-oriented methodology
Flexidy,Module,2023-01-04,11,Active,Optional dedicated analyzer
Prodder,Module,2022-05-10,12,Active,Front-line responsive groupware
Overhold,Module,2023-01-09,1,Inactive,Visionary even-keeled forecast
Duobam,Module,2023-01-18,2,Inactive,Synchronised global migration
Regrant,Module,2022-07-27,3,Active,Profit-focused impactful parallelism
Zoolab,Module,2022-08-14,4,New,Face to face demand-driven hardware
Andalax,Module,2022-08-28,5,Active,Multi-lateral bottom-line function
Matsoft,Module,2022-07-04,6,New,Intuitive needs-based concept
Tampflex,Module,2022-07-27,7,Inactive,Focused 24/7 service-desk
Solarbreeze,Module,2022-09-23,8,Active,Compatible object-oriented moderator
Stronghold,Module,2022-04-08,9,Deleted,Function-based upward-trending application
Sonsing,Module,2022-06-05,10,Inactive,Expanded directional matrices
Regrant,Module,2022-12-17,11,Inactive,Diverse upward-trending extranet
Keylex,Module,2023-02-17,12,Active,User-friendly national capacity
Alphazap,Module,2022-12-11,1,New,Upgradable zero tolerance moderator
Subin,Module,2023-01-11,2,Deleted,Public-key system-worthy implementation
Tempsoft,Module,2022-06-13,3,New,Versatile modular open system
Konklux,Module,2022-12-05,4,Deleted,User-centric eco-centric projection
Viva,Module,2022-07-12,5,Active,Open-source zero defect conglomeration
Lotlux,Module,2022-05-31,6,Active,Quality-focused regional customer loyalty
Otcom,Module,2022-07-04,7,Active,Cloned methodical flexibility
Overhold,Module,2022-09-05,8,Deleted,Implemented bi-directional installation
It,Module,2022-10-10,9,Inactive,Enhanced systematic superstructure
Tampflex,Module,2023-02-02,10,Deleted,Networked foreground paradigm
Cardify,Module,2022-05-29,11,Deleted,Reduced context-sensitive algorithm
Zamit,Module,2022-07-15,12,Deleted,Right-sized multimedia encoding
Zamit,Module,2022-06-30,1,New,Integrated fault-tolerant access
Bytecard,Module,2022-08-02,2,Active,Front-line zero administration utilisation
Fixflex,Module,2022-07-13,3,Active,Managed grid-enabled flexibility
Gembucket,Module,2023-02-28,4,Active,Advanced client-server circuit
Viva,Module,2022-10-16,5,Inactive,Distributed asymmetric array
Solarbreeze,Module,2022-05-07,6,Inactive,Object-based homogeneous solution
Tresom,Module,2022-05-25,7,New,Expanded background archive
Sub-Ex,Module,2022-09-20,8,Deleted,Pre-emptive 5th generation open architecture
Andalax,Module,2023-03-03,9,Inactive,Seamless analyzing website
Viva,Module,2022-12-04,10,Deleted,Secured high-level methodology
Y-find,Module,2022-06-03,11,Active,Balanced multi-tasking success
Wrapsafe,Module,2023-02-19,12,New,Proactive homogeneous local area network
Veribet,Module,2022-08-02,1,New,Cross-group content-based attitude
Matsoft,Module,2022-08-12,2,New,Team-oriented methodical task-force
Mat Lam Tam,Module,2023-02-24,3,Inactive,Front-line optimizing definition
Overhold,Module,2022-12-02,4,New,Sharable exuding process improvement
Fixflex,Module,2022-10-14,5,Active,Distributed bandwidth-monitored synergy
Gembucket,Module,2022-10-23,6,Deleted,Diverse interactive structure
Span,Module,2022-11-21,7,Inactive,Quality-focused systematic knowledge user
Cookley,Module,2023-02-11,8,Deleted,Polarised discrete encoding
Asoka,Module,2022-12-21,9,Inactive,Enterprise-wide grid-enabled structure
Bitchip,Module,2023-03-20,10,Inactive,User-centric homogeneous intranet
Mat Lam Tam,Module,2022-11-13,11,Deleted,Public-key responsive project
It,Module,2023-02-27,12,New,Balanced 24 hour conglomeration
Stronghold,Module,2023-01-10,1,Active,Networked 4th generation time-frame
Subin,Module,2022-07-13,2,Inactive,Digitized disintermediate neural-net
Duobam,Module,2022-07-22,3,Inactive,Mandatory 6th generation projection
Duobam,Module,2023-02-11,4,Active,Streamlined composite firmware
Konklab,Module,2022-05-23,5,New,Networked real-time process improvement
Latlux,Module,2022-07-13,6,Active,Secured 3rd generation software
Tampflex,Module,2022-11-13,7,New,Progressive encompassing synergy
Tres-Zap,Module,2022-09-27,8,Deleted,Upgradable modular matrix
Domainer,Module,2022-06-07,9,Deleted,Focused didactic architecture
Job,Module,2022-07-11,10,Active,Centralized impactful methodology
Andalax,Module,2022-10-29,11,New,User-centric next generation projection
Sub-Ex,Module,2022-10-06,12,New,Enhanced multi-tasking algorithm
Flowdesk,Module,2023-01-05,1,New,Synergized system-worthy internet solution
Temp,Module,2022-04-17,2,Active,Multi-tiered system-worthy superstructure
Lotstring,Module,2023-02-02,3,Inactive,Organized optimizing encryption
Span,Module,2022-06-06,4,Active,Reverse-engineered cohesive architecture
Latlux,Module,2022-12-18,5,New,Function-based national initiative
Flexidy,Module,2022-08-09,6,Active,Open-source tertiary hub
Cookley,Module,2022-08-26,7,Inactive,Optional 24/7 utilisation
Asoka,Module,2023-04-07,8,New,Customizable heuristic implementation
Tampflex,Module,2023-03-03,9,Deleted,Advanced intangible service-desk
Voyatouch,Module,2022-04-25,10,New,Business-focused leading edge budgetary management
Trippledex,Module,2023-02-10,11,Active,Managed multimedia info-mediaries
Veribet,Module,2023-03-25,12,Inactive,Advanced eco-centric protocol
Alphazap,Module,2022-08-09,1,New,User-centric exuding process improvement
Job,Module,2022-08-06,2,New,Adaptive user-facing open architecture
Flowdesk,Module,2022-10-28,3,Deleted,Profound secondary software
Zaam-Dox,Module,2023-01-22,4,Active,Networked heuristic support
Holdlamis,Module,2022-11-26,5,Active,Cross-platform intermediate core
Job,Module,2022-06-24,6,Active,Decentralized logistical utilisation
Zoolab,Module,2022-07-13,7,New,Progressive attitude-oriented strategy
Bamity,Module,2023-01-07,8,Active,Reactive bandwidth-monitored productivity
It,Module,2022-05-25,9,Active,Secured bi-directional encoding
Sonair,Module,2022-12-30,10,Deleted,Team-oriented attitude-oriented application
Rank,Module,2022-09-13,11,New,Realigned optimizing instruction set
Quo Lux,Module,2022-09-08,12,New,Intuitive 4th generation attitude
Bitchip,Module,2022-10-23,1,Deleted,Realigned user-facing collaboration
Tampflex,Module,2022-09-26,2,Deleted,Reduced full-range process improvement
Job,Module,2023-02-06,3,Active,Monitored clear-thinking knowledge base
Flowdesk,Module,2022-11-09,4,Active,Cross-platform grid-enabled protocol
Temp,Module,2023-04-07,5,Deleted,Implemented multi-state paradigm
Gembucket,Module,2023-04-05,6,Inactive,Optimized zero tolerance moderator
Voyatouch,Module,2022-10-26,7,New,Synergized zero administration attitude
Cardify,Module,2022-08-10,8,New,Stand-alone zero defect approach
Stronghold,Module,2022-09-13,9,Inactive,Open-architected bandwidth-monitored framework
Job,Module,2023-03-23,10,New,Diverse background methodology
Greenlam,Module,2022-07-16,11,Deleted,Proactive clear-thinking standardization
Stim,Module,2022-11-01,12,Deleted,Cloned regional collaboration
Rank,Module,2022-05-17,1,Inactive,Vision-oriented empowering interface
Bigtax,Module,2022-10-15,2,New,Seamless contextually-based firmware
Lotlux,Module,2022-06-09,3,Inactive,Business-focused bi-directional knowledge user
Temp,Module,2022-07-26,4,Deleted,Total optimal encryption
Zontrax,Module,2022-06-06,5,Active,Enterprise-wide encompassing capacity
Transcof,Module,2022-12-23,6,Deleted,Function-based encompassing attitude
Sonair,Module,2022-07-04,7,Active,Enterprise-wide national customer loyalty
Zoolab,Module,2022-08-23,8,Deleted,Switchable didactic parallelism
Fixflex,Module,2022-04-23,9,Active,Ergonomic empowering knowledge base
Wrapsafe,Module,2022-08-03,10,Deleted,Multi-lateral empowering methodology
Tampflex,Module,2022-12-27,11,New,Front-line 4th generation leverage
Namfix,Module,2022-04-25,12,Deleted,Persevering static projection
Temp,Module,2023-03-05,1,Inactive,Front-line mobile internet solution
Stronghold,Module,2022-09-15,2,Deleted,Versatile tangible focus group
Stronghold,Module,2022-12-07,3,New,Cloned bottom-line workforce
Bitchip,Module,2022-12-31,4,Inactive,Optional clear-thinking portal
Voyatouch,Module,2023-02-05,5,Active,Switchable interactive knowledge base
Y-Solowarm,Module,2022-07-30,6,Inactive,Centralized 24 hour customer loyalty
Aerified,Module,2022-05-05,7,Deleted,Grass-roots mission-critical moratorium
Tres-Zap,Module,2022-11-29,8,New,Optional 6th generation internet solution
Overhold,Module,2022-05-06,9,Deleted,Public-key stable capacity
Cardify,Module,2023-02-09,10,Deleted,Realigned secondary challenge
Cookley,Module,2022-10-28,11,Deleted,Versatile web-enabled moderator
Biodex,Module,2022-09-05,12,Active,Customizable user-facing Graphic Interface
Cookley,Module,2022-09-13,1,Inactive,Multi-tiered clear-thinking algorithm
Latlux,Module,2022-07-13,2,Inactive,Total client-server toolset
Regrant,Module,2023-03-20,3,Active,Balanced exuding matrices
Aerified,Module,2022-08-04,4,Deleted,Profit-focused bandwidth-monitored algorithm
Hatity,Module,2023-01-05,5,New,User-centric intermediate encryption
Cardify,Module,2022-10-22,6,New,Switchable system-worthy projection
Cardify,Module,2022-10-21,7,Deleted,User-friendly secondary moderator
Asoka,Module,2023-01-15,8,New,Managed bandwidth-monitored implementation
Bitwolf,Module,2022-05-25,9,Inactive,Operative responsive moratorium
Daltfresh,Module,2022-12-16,10,Deleted,Down-sized systemic methodology
Sub-Ex,Module,2022-07-29,11,Active,Business-focused client-driven complexity
Bitwolf,Module,2022-10-21,12,Active,User-centric clear-thinking solution
Fixflex,Module,2022-07-22,1,New,Grass-roots multimedia forecast
Duobam,Module,2023-01-10,2,Active,Seamless needs-based local area network
Regrant,Module,2023-02-24,3,Inactive,Adaptive composite internet solution
Toughjoyfax,Module,2022-04-13,4,Active,Inverse 4th generation installation
Bitwolf,Module,2022-10-14,5,Deleted,Customer-focused multi-state extranet
Bytecard,Module,2023-04-06,6,Active,Fully-configurable client-server complexity
Asoka,Module,2022-06-02,7,New,Function-based global synergy
Vagram,Module,2023-02-10,8,Active,Profound eco-centric pricing structure
Redhold,Module,2022-06-08,9,Deleted,Triple-buffered dedicated methodology
Y-Solowarm,Module,2022-09-15,10,New,Horizontal exuding Graphical User Interface
Y-Solowarm,Module,2023-04-01,11,Inactive,Front-line non-volatile productivity
Sub-Ex,Module,2022-07-19,12,Inactive,Public-key scalable extranet
It,Module,2022-10-01,1,Inactive,Ameliorated dedicated matrices
Wrapsafe,Module,2022-11-12,2,Active,Virtual zero administration instruction set
Namfix,Module,2023-03-02,3,Deleted,Compatible static firmware
Voyatouch,Module,2022-04-14,4,Inactive,Profound clear-thinking core
Flexidy,Module,2022-07-06,5,Active,Programmable empowering product
Konklab,Module,2022-04-18,6,Active,Function-based solution-oriented time-frame
Sub-Ex,Module,2022-07-01,7,New,Adaptive cohesive groupware
Y-find,Module,2023-03-31,8,Active,Ameliorated uniform portal
Flexidy,Module,2022-05-04,9,Deleted,Robust mobile intranet
Stim,Module,2022-09-08,10,Deleted,Persevering encompassing conglomeration
Konklab,Module,2023-02-02,11,New,Centralized heuristic methodology
Voyatouch,Module,2023-02-06,12,Deleted,Switchable zero tolerance software
Cookley,Module,2022-08-23,1,New,Inverse optimal local area network
Ventosanzap,Module,2022-11-08,2,Inactive,Public-key fault-tolerant synergy
Daltfresh,Module,2022-12-29,3,Active,Synergistic background throughput
Zoolab,Module,2022-10-27,4,Deleted,Managed 6th generation Graphic Interface
Bigtax,Module,2022-11-06,5,New,Managed logistical paradigm
Cookley,Module,2023-02-06,6,Inactive,Implemented bottom-line functionalities
It,Module,2023-03-23,7,Deleted,Stand-alone high-level groupware
Fintone,Module,2023-03-10,8,Inactive,Future-proofed executive knowledge base
Andalax,Module,2022-08-16,9,Deleted,Cloned neutral database
Mat Lam Tam,Module,2022-12-05,10,New,Mandatory multimedia portal
Tempsoft,Module,2022-12-06,11,Active,Ergonomic uniform groupware
Zaam-Dox,Module,2022-10-29,12,New,Future-proofed empowering parallelism
Matsoft,Module,2022-09-24,1,Deleted,Inverse system-worthy info-mediaries
Sonair,Module,2022-09-22,2,New,Down-sized didactic Graphical User Interface
Zathin,Module,2022-05-08,3,New,Universal clear-thinking frame
Zaam-Dox,Module,2022-09-29,4,Active,Ameliorated bottom-line service-desk
Holdlamis,Module,2022-06-12,5,New,Fundamental disintermediate forecast
Solarbreeze,Module,2022-05-14,6,Active,Polarised object-oriented leverage
Redhold,Module,2022-12-22,7,Active,Innovative asynchronous emulation
Bitchip,Module,2022-06-16,8,Inactive,Down-sized stable service-desk
Otcom,Module,2023-02-01,9,Active,Progressive fresh-thinking analyzer
Subin,Module,2022-10-03,10,Deleted,Diverse grid-enabled toolset
Toughjoyfax,Module,2022-11-21,11,Active,Diverse solution-oriented functionalities
Bamity,Module,2023-01-01,12,New,Function-based bi-directional function
Y-find,Module,2022-11-09,1,Deleted,Progressive secondary collaboration
Tempsoft,Module,2022-10-03,2,Deleted,Reduced static local area network
Tempsoft,Module,2022-07-18,3,New,Reduced 6th generation knowledge user
Job,Module,2022-11-15,4,Inactive,Down-sized logistical installation
Opela,Module,2022-10-12,5,New,Distributed neutral customer loyalty
Voyatouch,Module,2022-08-09,6,Deleted,Synchronised local budgetary management
Domainer,Module,2022-11-17,7,New,De-engineered 24 hour infrastructure
Gembucket,Module,2022-06-09,8,New,Pre-emptive radical approach
Tin,Module,2023-03-24,9,Deleted,Exclusive multi-tasking knowledge base
Stronghold,Module,2022-11-20,10,New,Reverse-engineered global database
Vagram,Module,2023-03-21,11,Active,Innovative systematic alliance
Regrant,Module,2022-04-09,12,New,Configurable national hub
Prodder,Module,2023-01-13,1,Inactive,Focused multimedia Graphical User Interface
Transcof,Module,2022-12-15,2,Active,Expanded background application
Veribet,Module,2022-04-25,3,New,Realigned upward-trending contingency
Andalax,Module,2022-07-26,4,Inactive,Horizontal multimedia access
Trippledex,Module,2022-05-20,5,Inactive,Front-line background focus group
Span,Module,2022-11-25,6,Inactive,Face to face bottom-line flexibility
Trippledex,Module,2022-12-08,7,Deleted,Operative tertiary Graphical User Interface
Zathin,Module,2023-03-10,8,New,Programmable secondary application
Keylex,Module,2022-05-31,9,New,Up-sized tangible groupware
Zoolab,Module,2022-10-26,10,Inactive,De-engineered motivating migration
Namfix,Module,2022-10-13,11,Active,Pre-emptive client-server synergy
Cardguard,Module,2023-01-16,12,Deleted,Innovative logistical initiative
Andalax,Module,2022-04-14,1,New,Re-engineered multimedia emulation
Cookley,Module,2022-11-10,2,Active,Customer-focused analyzing hierarchy
Fix San,Module,2022-05-20,3,Deleted,Monitored mobile analyzer
Zaam-Dox,Module,2023-02-05,4,Inactive,Face to face needs-based product
Biodex,Module,2022-06-17,5,New,Progressive methodical contingency
Asoka,Module,2023-02-06,6,Deleted,Networked asymmetric help-desk
Sonair,Module,2023-02-20,7,Deleted,Front-line national superstructure
Span,Module,2022-05-16,8,New,Ergonomic bi-directional hardware
Opela,Module,2022-06-13,9,Inactive,Function-based bi-directional middleware
Hatity,Module,2022-07-28,10,New,Up-sized empowering customer loyalty
Andalax,Module,2023-03-04,11,Active,Versatile upward-trending contingency
Toughjoyfax,Module,2022-08-23,12,Active,Balanced value-added hardware
Asoka,Module,2022-09-16,1,Inactive,Multi-layered global service-desk
Duobam,Module,2022-04-19,2,Active,Digitized tertiary secured line
Alpha,Module,2022-06-17,3,New,Distributed multimedia complexity
Bamity,Module,2022-08-12,4,New,Innovative high-level portal
Greenlam,Module,2023-01-27,5,Deleted,Devolved uniform application
Fixflex,Module,2022-05-23,6,Inactive,Polarised human-resource instruction set
Pannier,Module,2022-06-03,7,Deleted,Centralized reciprocal leverage
Y-Solowarm,Module,2022-12-02,8,Inactive,Monitored homogeneous middleware
Stim,Module,2022-09-13,9,New,Organic homogeneous functionalities
Regrant,Module,2022-07-27,10,Deleted,Robust uniform methodology
Span,Module,2022-07-11,11,New,Inverse 4th generation contingency
Bigtax,Module,2023-01-09,12,Deleted,Universal responsive migration
Bamity,Module,2022-09-11,1,Active,Cross-group needs-based intranet
Cookley,Module,2022-10-31,2,Inactive,Cross-group multi-tasking knowledge user
Tres-Zap,Module,2022-11-27,3,New,Progressive 6th generation hardware
Overhold,Module,2022-11-10,4,Deleted,Customizable contextually-based firmware
Bytecard,Module,2022-08-06,5,New,Diverse logistical algorithm
Overhold,Module,2023-03-30,6,Inactive,Managed needs-based data-warehouse
Redhold,Module,2022-05-13,7,Active,Multi-lateral multi-state neural-net
Transcof,Module,2022-08-19,8,Active,Right-sized object-oriented parallelism
Subin,Module,2022-09-20,9,New,Synchronised intermediate emulation
Prodder,Module,2022-12-21,10,Active,Managed didactic methodology
Bitwolf,Module,2023-03-13,11,Inactive,Streamlined systemic firmware
Zontrax,Module,2022-08-03,12,New,Distributed composite process improvement
Pannier,Module,2022-11-21,1,Inactive,Future-proofed value-added function
Trippledex,Module,2023-02-08,2,New,Balanced fresh-thinking hierarchy
Holdlamis,Module,2022-10-15,3,New,Organized real-time software
Home Ing,Module,2022-11-10,4,Active,Grass-roots high-level pricing structure
Voltsillam,Module,2022-11-03,5,New,Proactive directional synergy
Sub-Ex,Module,2022-07-03,6,Deleted,Front-line system-worthy implementation
Tin,Module,2022-09-08,7,Deleted,Integrated discrete system engine
Ronstring,Module,2022-07-24,8,Active,Open-architected next generation moratorium
Gembucket,Module,2023-02-18,9,Inactive,Reactive heuristic alliance
Voltsillam,Module,2022-10-19,10,Inactive,Ergonomic neutral orchestration
Flowdesk,Module,2023-03-28,11,New,Optimized intangible encryption
Tres-Zap,Module,2023-03-21,12,Active,Organized solution-oriented archive
Holdlamis,Module,2023-02-06,1,Active,Visionary secondary ability
Zoolab,Module,2022-12-03,2,Inactive,Open-source user-facing function
Redhold,Module,2022-10-05,3,New,Compatible high-level middleware
Fintone,Module,2023-01-09,4,Deleted,Reduced multimedia help-desk
Transcof,Module,2022-05-20,5,New,Adaptive hybrid protocol
Tempsoft,Module,2022-12-28,6,Deleted,Virtual solution-oriented portal
Cardguard,Module,2022-06-23,7,Active,Open-source tangible benchmark
Treeflex,Module,2023-02-26,8,Active,Reactive responsive attitude
Prodder,Module,2022-11-22,9,Deleted,Robust solution-oriented database
Ventosanzap,Module,2022-04-21,10,New,Profit-focused bifurcated strategy
Veribet,Module,2022-12-17,11,New,Assimilated local conglomeration
Hatity,Module,2022-08-28,12,Deleted,Sharable asynchronous secured line
Fix San,Module,2022-10-14,1,Inactive,Open-architected methodical secured line
Tampflex,Module,2023-02-06,2,Inactive,Vision-oriented human-resource analyzer
Zontrax,Module,2022-08-19,3,New,User-friendly modular matrix
Treeflex,Module,2022-08-26,4,Deleted,Implemented analyzing standardization
Rank,Module,2022-07-26,5,Inactive,Grass-roots optimal emulation
Konklab,Module,2022-09-07,6,Inactive,Phased global contingency
Pannier,Module,2022-12-10,7,Active,Fully-configurable asymmetric hierarchy
Stringtough,Module,2022-06-08,8,Active,Diverse foreground concept
Wrapsafe,Module,2023-03-02,9,Inactive,Decentralized fault-tolerant Graphic Interface
Wrapsafe,Module,2022-12-14,10,Deleted,Down-sized global time-frame
Job,Module,2023-02-08,11,Deleted,Profit-focused bandwidth-monitored portal
Biodex,Module,2022-07-04,12,Deleted,Progressive tangible parallelism
Flowdesk,Module,2022-07-18,1,Active,Object-based mission-critical database
Zathin,Module,2023-02-03,2,Deleted,User-friendly foreground analyzer
Subin,Module,2022-12-21,3,Active,Universal dedicated help-desk
Keylex,Module,2022-05-19,4,Deleted,Devolved tertiary task-force
Hatity,Module,2022-11-20,5,New,Function-based 5th generation methodology
Y-Solowarm,Module,2023-01-01,6,Active,Function-based heuristic knowledge user
Holdlamis,Module,2022-05-22,7,Deleted,Focused background task-force
Zamit,Module,2022-06-10,8,Active,Multi-layered foreground process improvement
Tempsoft,Module,2022-09-10,9,Active,Realigned exuding model
Fintone,Module,2022-09-12,10,Inactive,Organic contextually-based alliance
Gembucket,Module,2022-06-23,11,Deleted,Streamlined asynchronous customer loyalty
Toughjoyfax,Module,2023-02-06,12,Inactive,Team-oriented systemic neural-net
Overhold,Module,2022-07-11,1,Deleted,Inverse multi-state framework
Treeflex,Module,2022-07-06,2,Inactive,Customizable dedicated moratorium
Wrapsafe,Module,2022-08-28,3,Inactive,Exclusive 3rd generation capacity
Otcom,Module,2022-08-29,4,Inactive,Face to face high-level support
Pannier,Module,2022-08-23,5,Active,Phased secondary circuit
Stringtough,Module,2022-08-26,6,Active,Assimilated 4th generation capability
Fintone,Module,2022-10-28,7,Inactive,Innovative value-added time-frame
Treeflex,Module,2023-01-16,8,Deleted,Triple-buffered grid-enabled implementation
Bitwolf,Module,2022-10-23,9,Active,Customer-focused zero administration hierarchy
Matsoft,Module,2022-12-09,10,New,Exclusive bi-directional intranet
Mat Lam Tam,Module,2022-09-03,11,Active,Re-engineered explicit analyzer
Pannier,Module,2022-08-27,12,New,Grass-roots system-worthy intranet
Otcom,Module,2022-05-31,1,Active,Customer-focused demand-driven paradigm
Bamity,Module,2022-06-03,2,Active,Pre-emptive object-oriented local area network
Bitwolf,Module,2022-12-01,3,Active,Programmable national internet solution
Fintone,Module,2022-12-28,4,Active,De-engineered eco-centric open system
Redhold,Module,2023-01-22,5,New,Robust context-sensitive budgetary management
Ronstring,Module,2022-09-16,6,Active,Up-sized methodical definition
Duobam,Module,2023-02-09,7,New,Pre-emptive asynchronous system engine
Wrapsafe,Module,2022-06-30,8,Deleted,Cloned incremental intranet
Ronstring,Module,2023-01-23,9,Active,Organic responsive productivity
Sonair,Module,2023-03-18,10,New,Extended 24 hour hierarchy
Konklab,Module,2023-01-10,11,Deleted,User-friendly stable middleware
Biodex,Module,2022-08-16,12,Inactive,Ergonomic zero administration solution
Stringtough,Module,2022-07-20,1,Active,Devolved client-server database
Tampflex,Module,2022-09-06,2,Active,Ameliorated system-worthy budgetary management
Fixflex,Module,2023-03-29,3,Deleted,Progressive 3rd generation model
Y-Solowarm,Module,2022-06-30,4,Deleted,Versatile reciprocal synergy
Sonsing,Module,2022-11-20,5,Inactive,Compatible grid-enabled moratorium
Zamit,Module,2022-05-27,6,Deleted,Multi-channelled discrete hardware
Span,Module,2022-09-28,7,Active,Total full-range knowledge user
Holdlamis,Module,2023-04-01,8,New,Polarised foreground archive
Overhold,Module,2023-03-13,9,New,Grass-roots upward-trending function
Bitwolf,Module,2022-09-25,10,Active,Switchable neutral knowledge base
Stringtough,Module,2022-08-26,11,Active,Intuitive zero administration knowledge user
Sonsing,Module,2023-01-26,12,Active,Open-architected executive portal
Mat Lam Tam,Module,2023-01-17,1,Inactive,Extended encompassing leverage
Fixflex,Module,2022-12-14,2,Active,Exclusive human-resource strategy
Tres-Zap,Module,2022-07-01,3,Deleted,Streamlined national interface
Fintone,Module,2022-11-20,4,New,Proactive next generation Graphical User Interface
Aerified,Module,2023-01-20,5,Deleted,Exclusive 24 hour migration
Tres-Zap,Module,2023-01-31,6,Inactive,User-friendly neutral solution
Sub-Ex,Module,2022-08-21,7,Deleted,Reduced regional emulation
Zamit,Module,2022-11-04,8,Inactive,Down-sized 4th generation system engine
Alphazap,Module,2023-03-28,9,New,Public-key interactive project
Treeflex,Module,2022-04-17,10,Active,Ameliorated client-driven website
Zontrax,Module,2022-06-11,11,New,Cross-group scalable conglomeration
Flexidy,Module,2023-03-16,12,Deleted,Customizable foreground capacity
Holdlamis,Module,2022-10-05,1,Deleted,Function-based multi-tasking neural-net
Andalax,Module,2022-11-09,2,Active,Intuitive even-keeled challenge
Treeflex,Module,2022-12-15,3,New,Centralized maximized leverage
Fixflex,Module,2023-04-04,4,New,Synergistic responsive projection
Tempsoft,Module,2022-08-24,5,Deleted,Monitored clear-thinking database
Zathin,Module,2022-07-14,6,Active,Reverse-engineered directional leverage
Bigtax,Module,2022-11-07,7,Inactive,Extended stable synergy
Zontrax,Module,2022-11-10,8,Inactive,Optimized secondary process improvement
Cardify,Module,2022-11-10,9,Inactive,Down-sized foreground middleware
Opela,Module,2023-02-23,10,Inactive,Seamless didactic database
Tin,Module,2022-06-04,11,Active,Synergistic methodical product
Ventosanzap,Module,2022-12-21,12,Inactive,Quality-focused 3rd generation website
Lotstring,Module,2022-05-25,1,Deleted,User-centric radical leverage
Zaam-Dox,Module,2022-09-28,2,Deleted,Integrated well-modulated approach
Voyatouch,Module,2023-01-11,3,Inactive,Integrated incremental parallelism
Stronghold,Module,2023-03-16,4,Deleted,Upgradable leading edge utilisation
Zathin,Module,2022-08-02,5,Inactive,Advanced next generation focus group
Cardify,Module,2023-01-02,6,Deleted,Optional eco-centric concept
Gembucket,Module,2022-10-17,7,Active,Triple-buffered foreground instruction set
Stringtough,Module,2022-06-17,8,Deleted,Profit-focused web-enabled pricing structure
Domainer,Module,2023-02-11,9,Active,Progressive multi-state core
Bytecard,Module,2022-10-08,10,Deleted,Seamless hybrid circuit
Tresom,Module,2023-03-28,11,New,Automated transitional workforce
Flexidy,Module,2022-10-06,12,Active,Intuitive zero administration artificial intelligence
Andalax,Module,2022-10-02,1,Active,Multi-tiered composite service-desk
Tin,Module,2022-11-03,2,New,Optimized user-facing superstructure
Pannier,Module,2022-06-08,3,Active,Team-oriented system-worthy strategy
Daltfresh,Module,2022-08-19,4,Active,Multi-channelled maximized initiative
Bitwolf,Module,2022-11-10,5,New,Sharable methodical implementation
Aerified,Module,2022-06-03,6,New,Right-sized dynamic core
Stronghold,Module,2023-02-25,7,New,Self-enabling solution-oriented process improvement
Lotstring,Module,2022-07-25,8,Active,Horizontal intermediate circuit
Job,Module,2022-09-28,9,Inactive,Balanced logistical focus group
Zontrax,Module,2023-01-25,10,Inactive,Synergistic methodical application
Daltfresh,Module,2022-11-28,11,Inactive,De-engineered solution-oriented artificial intelligence
Holdlamis,Module,2022-08-25,12,Deleted,Polarised high-level Graphical User Interface
Holdlamis,Module,2022-06-25,1,Active,Open-architected local archive
Regrant,Module,2022-10-30,2,Active,Object-based grid-enabled methodology
Stim,Module,2022-06-27,3,Active,Focused real-time product
Fixflex,Module,2022-09-12,4,Active,Persistent fault-tolerant ability
Fixflex,Module,2023-02-15,5,New,Extended logistical matrix
Bigtax,Module,2023-03-12,6,Inactive,Seamless non-volatile success
Cookley,Module,2022-05-09,7,Deleted,Innovative motivating capacity
Fintone,Module,2022-12-03,8,Inactive,Business-focused attitude-oriented workforce
Zathin,Module,2022-11-11,9,Inactive,Front-line homogeneous capability
Job,Module,2023-01-06,10,New,Configurable client-server challenge
Viva,Module,2022-09-16,11,Active,Devolved multimedia moratorium
Ronstring,Module,2022-09-01,12,New,Compatible secondary extranet
Voyatouch,Module,2022-07-20,1,Active,Reduced context-sensitive adapter
Ventosanzap,Module,2023-02-16,2,New,Function-based optimal utilisation
Sonair,Module,2022-11-21,3,New,Phased transitional moderator
Rank,Module,2022-06-06,4,Active,Persevering motivating definition
Andalax,Module,2022-04-16,5,Active,Customizable dedicated groupware
Gembucket,Module,2022-07-10,6,Active,Proactive transitional focus group
Quo Lux,Module,2022-08-26,7,Active,Enterprise-wide multimedia synergy
Keylex,Module,2022-05-30,8,Active,Seamless secondary encryption
Home Ing,Module,2022-09-25,9,Active,Managed encompassing encoding
Trippledex,Module,2022-06-06,10,Inactive,Cross-platform upward-trending methodology
Viva,Module,2022-11-21,11,New,Organized mission-critical focus group
Bitwolf,Module,2022-08-28,12,New,Implemented clear-thinking benchmark
Sonair,Module,2023-02-12,1,Deleted,Mandatory object-oriented capability
Sub-Ex,Module,2022-07-17,2,Deleted,Profit-focused object-oriented function
Vagram,Module,2022-10-24,3,New,Multi-lateral maximized website
Trippledex,Module,2023-02-05,4,New,Reduced content-based adapter
Zoolab,Module,2022-10-03,5,New,Mandatory cohesive time-frame
Greenlam,Module,2023-01-06,6,Deleted,Right-sized real-time product
Holdlamis,Module,2022-10-25,7,New,Vision-oriented background knowledge base
Otcom,Module,2022-10-25,8,Active,Robust multi-state system engine
Overhold,Module,2023-01-18,9,Inactive,Front-line mission-critical paradigm
Subin,Module,2023-03-16,10,Active,Total bifurcated monitoring
Prodder,Module,2022-12-12,11,Deleted,Networked logistical implementation
Duobam,Module,2023-02-03,12,Deleted,Stand-alone non-volatile encoding
Sonsing,Module,2022-08-24,1,Inactive,Multi-tiered modular info-mediaries
Viva,Module,2022-08-12,2,Active,User-friendly attitude-oriented strategy
Keylex,Module,2022-06-09,3,New,Upgradable context-sensitive initiative
Fix San,Module,2022-08-22,4,Inactive,Operative scalable local area network
Job,Module,2022-10-23,5,Active,Focused 6th generation archive
